{"accuracy": [0.8444010615348816, 0.9615885615348816, 0.978515625, 0.9733073115348816, 0.9583333134651184, 0.9791666865348816, 0.9850260615348816, 0.9811198115348816, 0.9947916865348816, 0.99609375, 0.998046875, 0.9986979365348816, 0.9993489384651184, 1.0, 0.9993489384651184, 0.9993489384651184, 0.9993489384651184, 0.9993489384651184, 1.0, 1.0, 1.0, 1.0, 1.0, 0.9993489384651184, 0.9986979365348816, 1.0, 0.9986979365348816, 0.9993489384651184, 1.0, 0.9993489384651184, 1.0, 0.9986979365348816, 1.0, 1.0, 1.0, 1.0, 0.9993489384651184, 1.0, 1.0, 0.9993489384651184, 1.0, 1.0, 1.0, 1.0, 0.9993489384651184, 1.0, 1.0, 0.9993489384651184, 1.0, 1.0], "loss": [0.4153261184692383, 0.12891149520874023, 0.06877566128969193, 0.08955153077840805, 0.12486762553453445, 0.05685386061668396, 0.0444326251745224, 0.05723418667912483, 0.01756264641880989, 0.010741304606199265, 0.01078768726438284, 0.003393543651327491, 0.002606326015666127, 0.001175569137558341, 0.0026392738800495863, 0.0037208690773695707, 0.0018378238892182708, 0.0031113142613321543, 0.0017306540394201875, 0.0005295536830089986, 0.0005329736159183085, 0.0005692432168871164, 0.0011915668146684766, 0.0010649076430127025, 0.0033331706654280424, 0.0008286962402053177, 0.0036850764881819487, 0.0017655957490205765, 0.0006875597755424678, 0.003003713907673955, 0.001000171178020537, 0.003245590953156352, 0.00039515236858278513, 0.00040499024908058345, 0.0004735794209409505, 0.0004216156667098403, 0.0008046003640629351, 0.00045835316996090114, 0.0008597492123953998, 0.0026235096156597137, 0.00027869720361195505, 0.0005765389068983495, 0.0006504882476292551, 0.0005847954307682812, 0.0013489009579643607, 0.0006365092121995986, 0.0014120327541604638, 0.0010047999676316977, 0.0007089769933372736, 0.0005757699836976826], "precision": [0.9047970771789551, 0.9627207517623901, 0.9803921580314636, 0.9751471281051636, 0.9618421196937561, 0.9797782301902771, 0.9849967360496521, 0.982375979423523, 0.9954397678375244, 0.99609375, 0.998046875, 0.9993481040000916, 0.9993489384651184, 1.0, 0.9993489384651184, 0.9993489384651184, 0.9993489384651184, 0.9993489384651184, 1.0, 1.0, 1.0, 1.0, 1.0, 0.9993489384651184, 0.9986979365348816, 1.0, 0.9986979365348816, 0.9993489384651184, 1.0, 0.9993489384651184, 1.0, 0.9986979365348816, 1.0, 1.0, 1.0, 1.0, 0.9993489384651184, 1.0, 1.0, 0.9993489384651184, 1.0, 1.0, 1.0, 1.0, 0.9993489384651184, 1.0, 1.0, 1.0, 1.0, 1.0], "recall": [0.7981770634651184, 0.9583333134651184, 0.9765625, 0.970703125, 0.9518229365348816, 0.9778645634651184, 0.9830729365348816, 0.9798176884651184, 0.9947916865348816, 0.99609375, 0.998046875, 0.998046875, 0.9993489384651184, 1.0, 0.9993489384651184, 0.9993489384651184, 0.9993489384651184, 0.9993489384651184, 1.0, 1.0, 1.0, 1.0, 0.9993489384651184, 0.9993489384651184, 0.9986979365348816, 1.0, 0.9986979365348816, 0.9993489384651184, 1.0, 0.9993489384651184, 1.0, 0.9986979365348816, 1.0, 1.0, 1.0, 1.0, 0.9993489384651184, 1.0, 1.0, 0.9993489384651184, 1.0, 1.0, 1.0, 1.0, 0.9993489384651184, 1.0, 1.0, 0.9993489384651184, 1.0, 1.0], "val_accuracy": [0.2239583283662796, 0.2239583283662796, 0.2239583283662796, 0.2239583283662796, 0.2421875, 0.2421875, 0.2239583283662796, 0.2239583283662796, 0.2239583283662796, 0.2265625, 0.2630208432674408, 0.3515625, 0.5625, 0.7057291865348816, 0.8072916865348816, 0.859375, 0.9401041865348816, 0.984375, 0.9921875, 0.9947916865348816, 0.9947916865348816, 0.9947916865348816, 0.9895833134651184, 0.9947916865348816, 0.9895833134651184, 0.9947916865348816, 0.9947916865348816, 0.9947916865348816, 0.9947916865348816, 0.9895833134651184, 0.9947916865348816, 0.9947916865348816, 0.9947916865348816, 0.9947916865348816, 0.9947916865348816, 0.9947916865348816, 0.9947916865348816, 0.9947916865348816, 0.9947916865348816, 0.9947916865348816, 0.9947916865348816, 0.9947916865348816, 0.9947916865348816, 0.9947916865348816, 0.9947916865348816, 0.9947916865348816, 0.9947916865348816, 0.9947916865348816, 0.9947916865348816, 0.9947916865348816], "val_loss": [3.7857894897460938, 2.035571336746216, 2.095210552215576, 2.4357941150665283, 5.5525054931640625, 4.766374588012695, 6.253228664398193, 9.791887283325195, 9.623887062072754, 6.285918712615967, 6.5457611083984375, 4.742615222930908, 2.6263372898101807, 1.4419294595718384, 0.8336181640625, 0.618439257144928, 0.2413325160741806, 0.0473448671400547, 0.0280765350908041, 0.022940292954444885, 0.02054770477116108, 0.01615482196211815, 0.030797356739640236, 0.0068815634585917, 0.03473285213112831, 0.01591392047703266, 0.013037296943366528, 0.0162158515304327, 0.013601947575807571, 0.040796782821416855, 0.027261631563305855, 0.023614972829818726, 0.023039065301418304, 0.02204766310751438, 0.02145558036863804, 0.02070791833102703, 0.0205575879663229, 0.01997082494199276, 0.019550705328583717, 0.01813228242099285, 0.018026677891612053, 0.0178126972168684, 0.017949743196368217, 0.017947865650057793, 0.017388667911291122, 0.017321305349469185, 0.01744082197546959, 0.017286226153373718, 0.01732073910534382, 0.01719079166650772], "val_precision": [0.2239583283662796, 0.2239583283662796, 0.2239583283662796, 0.2239583283662796, 0.2421875, 0.2421875, 0.2239583283662796, 0.2239583283662796, 0.2239583283662796, 0.22834645211696625, 0.2610965967178345, 0.34736841917037964, 0.5620052814483643, 0.7060367465019226, 0.8191489577293396, 0.8627968430519104, 0.939947783946991, 0.984375, 0.9921875, 0.9947916865348816, 0.9947916865348816, 0.9947916865348816, 0.9895833134651184, 0.9947916865348816, 0.9895833134651184, 0.9947916865348816, 0.9947916865348816, 0.9947916865348816, 0.9947916865348816, 0.9895833134651184, 0.9947916865348816, 0.9947916865348816, 0.9947916865348816, 0.9947916865348816, 0.9947916865348816, 0.9947916865348816, 0.9947916865348816, 0.9947916865348816, 0.9947916865348816, 0.9947916865348816, 0.9947916865348816, 0.9947916865348816, 0.9947916865348816, 0.9947916865348816, 0.9947916865348816, 0.9947916865348816, 0.9947916865348816, 0.9947916865348816, 0.9947916865348816, 0.9947916865348816], "val_recall": [0.2239583283662796, 0.2239583283662796, 0.2239583283662796, 0.2239583283662796, 0.2421875, 0.2421875, 0.2239583283662796, 0.2239583283662796, 0.2239583283662796, 0.2265625, 0.2604166567325592, 0.34375, 0.5546875, 0.7005208134651184, 0.8020833134651184, 0.8515625, 0.9375, 0.984375, 0.9921875, 0.9947916865348816, 0.9947916865348816, 0.9947916865348816, 0.9895833134651184, 0.9947916865348816, 0.9895833134651184, 0.9947916865348816, 0.9947916865348816, 0.9947916865348816, 0.9947916865348816, 0.9895833134651184, 0.9947916865348816, 0.9947916865348816, 0.9947916865348816, 0.9947916865348816, 0.9947916865348816, 0.9947916865348816, 0.9947916865348816, 0.9947916865348816, 0.9947916865348816, 0.9947916865348816, 0.9947916865348816, 0.9947916865348816, 0.9947916865348816, 0.9947916865348816, 0.9947916865348816, 0.9947916865348816, 0.9947916865348816, 0.9947916865348816, 0.9947916865348816, 0.9947916865348816],